id,Firstname,Lastname
1,Κώστας,Σταματίου
2,Χρήστος,Μαυρογιάννης
3,Ειρήνη,Καραγιάννης
4,Δημήτρης,Κυριακίδης
5,Αθηνά,Παπαδόπουλος
6,Χαρά,Παπαδόπουλος
7,Βασίλης,Θεοδωρίδης
8,Πέτρος,Αλεξίου
9,Νίκος,Μιχαηλίδης
10,Δημήτρης,Θεοδωρίδης
11,Χαρά,Μαυρογιάννης
12,Ελένη,Σωτηρίου
13,Ελένη,Μαυρογιάννης
14,Ειρήνη,Αλεξίου
15,Νίκος,Οικονόμου
16,Δημήτρης,Μιχαηλίδης
17,Μαρία,Μαυρογιάννης
18,Σοφία,Ιωαννίδης
19,Κατερίνα,Σπυρόπουλος
20,Παναγιώτης,Χριστοδούλου
21,Αναστασία,Λαμπρόπουλος
22,Αθηνά,Γρηγορίου
23,Βασίλης,Μαυρογιάννης
24,Πέτρος,Κυριακίδης
25,Ιωάννα,Καραγιάννης
26,Ελένη,Οικονόμου
27,Δημήτρης,Μαυρογιάννης
28,Νίκος,Σταματίου
29,Παναγιώτης,Νικολάου
30,Ελένη,Παπακωνσταντίνου
31,Αθηνά,Γρηγορίου
32,Κατερίνα,Κωνσταντίνου
33,Ειρήνη,Αντωνίου
34,Γιάννης,Μιχαηλίδης
35,Θανάσης,Καραγιάννης
36,Ράνια,Ιωαννίδης
37,Κατερίνα,Καραγιάννης
38,Δημήτρης,Σπυρόπουλος
39,Πέτρος,Οικονόμου
40,Παναγιώτης,Μιχαηλίδης
41,Χαρά,Κωνσταντίνου
42,Θανάσης,Αλεξίου
43,Σοφία,Σπυρόπουλος
44,Γιάννης,Λαμπρόπουλος
45,Αναστασία,Γεωργίου
46,Ειρήνη,Χριστοδούλου
47,Ράνια,Γεωργίου
48,Νίκος,Θεοδωρίδης
49,Σοφία,Θεοδωρίδης
50,Αλέξανδρος,Γρηγορίου
51,Ειρήνη,Ιωαννίδης
52,Γιάννης,Κυριακίδης
53,Νίκος,Σωτηρίου
54,Αθηνά,Κωνσταντίνου
55,Μαρία,Σταματίου
56,Αθηνά,Θεοδωρίδης
57,Γιάννης,Καραγιάννης
58,Σοφία,Γεωργίου
59,Χρήστος,Μαυρογιάννης
60,Ειρήνη,Καραγιάννης
61,Πέτρος,Νικολάου
62,Κώστας,Κωνσταντίνου
